active,name,description,price,image,hashtags,caption
yes,એક Capsule માં 5 Vitamins નો પાવર! 💪,"શું તમારા શરીરને રોજ Vitamin A, B, C, E અને K મળે છે? 🤔\nNiroza Sea Buckthorn Capsule માં છે:\n✨ Vitamin A – આંખોની કાળજી માટે\n⚡ Vitamin B – એનર્જી સપોર્ટ માટે\n🛡️ Vitamin C – ઇમ્યુનિટી સપોર્ટ માટે\n🌟 Vitamin E – સ્કિન હેલ્થ માટે\n🦴 Vitamin K – બોન હેલ્થ માટે\nસાથે જ Omega-7 અને શક્તિશાળી Antioxidants નો કુદરતી પાવર! 🌿\n✅ Immunity Support\n✅ Natural Skin Glow\n✅ Hair Strength\n✅ Daily Wellness\n🚚 સમગ્ર ગુજરાતમાં ફ્રી હોમ ડિલિવરી\n📞 ઓર્ડર માટે સંપર્ક કરો:\n+91 72111 69006",,ig_17905374618437697.jpg,,
yes,Niroza Sea Buckthorn Capsules — સંપૂર્ણ હેલ્થ સપોર્ટ સાથે 💊✨,"✨ ફાયદા:\n✔️ ઈમ્યુનિટી મજબૂત બનાવે\n✔️ શરીરને તાકાત અને એનર્જી આપે\n✔️ સ્કિનને ગ્લો અને હેલ્ધી બનાવે\n✔️ હાર્ટ હેલ્થ માટે લાભદાયક\n✔️ ડાયજેસ્ટિવ સિસ્ટમ સુધારે\n✔️ વાળને મજબૂત બનાવે\n✔️ થાક અને કમજોરી દૂર કરે\n✔️ Vitamin A, B, C, E & K થી સમૃદ્ધ\n✔️ Vitamin C ની ખૂબ ઊંચી માત્રા (Orange કરતા પણ વધારે) 🍊\n✔️ ઓમેગા 3, 6, 7, & 9 થી ભરપૂર\n✔️ એન્ટીઑક્સિડન્ટથી ભરપૂર – શરીરને પ્રોટેક્ટ કરે\nદરરોજ એક સારી હેલ્થ તરફ એક પગલું ભરો 🌱\n📞 ઓર્ડર માટે સંપર્ક કરો:\n+91 72111 69006\n#Niroza #SeaBuckthorn #Vitamins #ImmunityBoost #HealthyLife NaturalCare gujaratihealth",,ig_17873405001617558.jpg,#Niroza #SeaBuckthorn #Vitamins #ImmunityBoost #HealthyLife,
yes,"થાક, નબળાઈ અને દિવસભરની સુસ્તીથી પરેશાન છો? 😓",હવે તમારા શરીરને આપો પ્લાન્ટ-બેઝ્ડ Vitamin B12 ની શક્તિ 💪🌿\n✨ આખો દિવસ ઉર્જાવાન રહેવામાં મદદ કરે\n✨ નર્વસ સિસ્ટમને સપોર્ટ આપે\n✨ ચેતાતંત્રને મજબૂત બનાવે\n✨ થાક અને નબળાઈ ઘટાડવામાં સહાયક\nNiroza Plant-Based Vitamin B12 — તમારા રોજિંદા હેલ્થ પાર્ટનર 🌱\n📞 ઓર્ડર માટે: +91 72111 69006\n🚚 સમગ્ર ગુજરાતમાં ફ્રી હોમ ડિલિવરી,,ig_18592320076000970.jpg,#VitaminB12 #PlantBased #Niroza #HealthCare #EnergyBoost #GujaratiBrand #Wellness #HealthyLifestyle,
yes,થાક અને લો એનર્જીને કહો BYE BYE!,દરરોજ મેળવો FULL ENERGY સાથે Niroza Vitamin B12 🌿💪\n✅ દિવસભર એનર્જી\n✅ નર્વસ સિસ્ટમ સપોર્ટ\n✅ ફોકસ અને તાજગીમાં મદદરૂપ\n✅ પ્લાન્ટ-બેઝ્ડ પાવર\nતમારી દૈનિક વેલનેસ માટે સ્માર્ટ પસંદગી ✨\n📞 +91 72111 69006\n🔥 હમણાં જ ઓર્ડર કરો\n🚚 સમગ્ર ગુજરાતમાં FREE HOME DELIVERY,,ig_18081476912431649.jpg,#Niroza #VitaminB12 #EnergyBoost #PlantBased #HealthyLifestyle #GujaratiBrand #Wellness #DailyEnergy #HealthCare #Ayurvedic #Fitness #India #HealthyLiving,
no,,,,ig_17928753399314286.jpg,,
no,,,,ig_17898420204308929.jpg,,
no,,,,ig_18590961325057214.jpg,,
yes,"શું તમને વારંવાર થાક, કમજોરી કે Energy ની કમી લાગે છે?",હવે મેળવો શક્તિશાળી આયુર્વેદ આધારિત Solution — Arogyam Vitamin B12 Capsules 🌿\nઆ ખાસ Nutraceutical Capsule તમારા શરીરને આપે જરૂરી પોષણ અને દૈનિક Energy Support 💪\n✨ મુખ્ય ફાયદા:\n✅ હાથ-પગમાં ઝણઝણાટ ઘટાડે\n✅ શરીરની કમજોરી દૂર કરે\n✅ મગજની શક્તિ વધારવામાં મદદ કરે 🧠\n✅ થાક અને સુસ્તી ઘટાડે ⚡\n✅ રોગપ્રતિકારક શક્તિ મજબૂત બનાવે 🛡️\n✅ ચિંતા અને તણાવ ઓછું કરવામાં મદદરૂપ 😌\n🌿 100% Plant-Based\n✔ FSSAI મંજૂર\n✔ Premium Nutraceutical Quality\n✔ No Side Effects\n💊 ઉપયોગ:\nસવારે અને સાંજે ભોજન પછી હુંફાળા પાણી સાથે 1-1 કેપ્સ્યુલ લો.\n🚚 સમગ્ર ગુજરાતમાં ફ્રી હોમ ડિલિવરી ઉપલબ્ધ\n📲 ઓર્ડર કરવા માટે હમણાં જ Call / WhatsApp કરો:\n📞 +91 72111 69006\n💚 Arogyam — સ્વસ્થ જીવન માટે વિશ્વાસનું નામ,,ig_18111201652745492.jpg,#Arogyam #VitaminB12 #EnergyBoost #HealthyGujarat #NaturalWellness #Nutraceutical #HealthyLife #ImmunityBoost #AyurvedicHealth #GujaratiHealth,
yes,"પેટ ફૂલવું, ગેસ, એસિડિટી કે અપચાથી પરેશાન છો?",હવે મેળવો આયુર્વેદ આધારિત Arogyam Digest Powder સાથે ઝડપી રાહત 🌿\nઆ ખાસ પાચન ફોર્મ્યુલા તમારા પેટને હલકું બનાવે છે અને પાચન પ્રક્રિયા સુધારે છે.\n✨ મુખ્ય ફાયદા:\n✅ પેટ ફૂલવું અને ભારપણું ઓછું કરે\n✅ એસિડિટી અને ખાટા ડકારમાં રાહત\n✅ ભૂખમાં વધારો કરે\n✅ પાચન શક્તિ મજબૂત બનાવે\n✅ કબજિયાતમાં સહાયક\n✅ દૈનિક પાચનને નિયમિત બનાવે\n🌿 100% Natural Ingredients\n✔ ગુણવત્તા ચકાસેલ\n✔ FSSAI મંજૂર ઉત્પાદન\n💊 ઉપયોગ:\n1 ચમચી ભોજન પછી ગરમ પાણી સાથે દિવસમાં 2 વખત લો.\n🚚 સમગ્ર ગુજરાતમાં હોમ ડિલિવરી ઉપલબ્ધ\n📲 ઓર્ડર કરવા માટે હમણાં જ WhatsApp કરો:\n+91 72111 69006,,ig_18118521427538304.jpg,#Arogyam #DigestPowder #HealthyDigestion #GasRelief #AcidityRelief #GujaratiHealth #AyurvedicHealth #HealthyGujarat #NaturalWellness #GutHealth,
yes,Feeling tired or low on energy?,Your body may need Vitamin B12 support.\nArogyam+ Vitamin B12 helps you:\n⚡ Boost daily energy\n🧠 Support brain & nerve health\n🩸 Support red blood cell formation\n100% Plant-Based | Vegan Friendly 🌱\nStart your healthy routine today.,,ig_18192898441361584.jpg,#VitaminB12Support #NaturalWellness #ArogyamPlus #HealthyLiving #PlantBasedNutrition #surat #gujarat #VitaminB12 #HealthyLifestyle,
yes,Looking for a clean and natural Vitamin B12 supplement?,Arogyam+ is designed with purity and quality in mind.\n🌱 100% Plant-Based\n🌱 Gluten-Free\n🌱 No Artificial Colors\n🌱 GMP Certified Manufacturing\nBecause your body deserves the best from nature.\n💬 DM us to know more.,,ig_18063425150655000.jpg,#Arogyam #AyurvedicWellness #NaturalSupplements #PlantBasedNutrition #HealthCare #surat #gujarat #VitaminB12Support #WellnessBrand,
yes,Feeling tired even after a full night’s sleep?,Your body might need natural B12 support.\nArogyam+ Plant-Based Vitamin B12 combines the power of:\n🌿 Moringa\n🌿 Amla\n🌿 Barley Grass\n🌿 Nutley Grass\nClean. Vegan. Ayurvedic.\nStart your day with strength 💚\nDM us to order.,,ig_17999494532910861.jpg,#VitaminB12 #NaturalEnergy #AyurvedaForLife #HealthyLiving #SuratBusiness #WellnessBrand #PlantBasedNutrition #B12Support #NaturalSupplements #ArogyamPlus #PlantBasedB12 #NaturalWellness #AyurvedicHealth #VeganSupplements,
yes,"થાક, કમજોરી અને નસોની સમસ્યાથી પરેશાન છો? હવે મેળવો Natural Support 🌿",આયુર્વેદ પર આધારિત Arogyam Vitamin B12 Capsules તમારા શરીરને આપે રોજની જરૂરી શક્તિ અને પોષણ.\n✔ હાથ-પગમાં ઝણઝણાટ અને સુનકારમાં મદદરૂપ\n✔ Vitamin B12 ની ઉણપ પૂરી કરવામાં સહાયક\n✔ Energy અને Stamina વધારવામાં મદદ કરે\n✔ મગજને શાંત અને સક્રિય રાખે\n✔ રોગપ્રતિકારક શક્તિ વધારવામાં મદદરૂપ\n✔ ગુણવત્તા નિયંત્રિત અને વિશ્વસનીય ઉત્પાદન\nઆજના વ્યસ્ત જીવનમાં શરીરને જરૂરી પોષણ આપવું ખુબ જ જરૂરી છે.\nતમારા સ્વાસ્થ્ય માટે આજે જ યોગ્ય પસંદગી કરો.\n🚚 સમગ્ર ગુજરાતમાં હોમ ડિલિવરી ઉપલબ્ધ\n📲 ઓર્ડર કરવા માટે Message કરો અથવા WhatsApp પર સંપર્ક કરો\nArogyam — સ્વસ્થ જીવન માટે વિશ્વાસનું નામ 💚,,ig_18092460839474450.jpg,#Arogyam #VitaminB12 #HealthyGujarat #EnergyBoost #NaturalWellness #AyurvedicSupport #HealthyLife,
